path,avg_force
data/20241126/155358,7.340957507727458
data/20241126/164849,7.478751260531582
data/20241126/165145,6.991567169809435
data/20241126/165511,7.094694755714011
data/20241126/165834,6.99429794422283
